level_0,level_1,level_2,level_3,level_4,level_5,level_6,level_7,level_8,level_9,level_10
327,1,6,6,0,0,0,0,0,0,0
651,23,3,6,0,0,0,0,0,0,0
248,4,9,3,0,0,0,0,0,0,0
60,23,4,3,0,0,0,0,0,0,0
60,30,4,6,0,0,0,0,0,0,0
272,8,6,6,0,0,0,0,0,0,0
60,30,6,3,0,0,0,0,0,0,0
60,30,9,4,0,0,0,0,0,0,0
60,23,3,6,0,0,0,0,0,0,0
113,30,3,6,0,0,0,0,0,0,0
651,4,0,3,0,0,0,0,0,0,0
248,30,3,3,0,0,0,0,0,0,0
312,23,6,0,0,0,0,0,0,0,0
272,30,3,0,0,0,0,0,0,0,0
60,0,9,0,0,0,0,0,0,0,0
387,8,1,0,0,0,0,0,0,0,0
248,1,0,0,0,0,0,0,0,0,0
272,30,6,0,0,0,0,0,0,0,0
928,8,6,0,0,0,0,0,0,0,0
248,0,3,0,0,0,0,0,0,0,0
60,23,3,0,0,0,0,0,0,0,0
351,23,0,0,0,0,0,0,0,0,0
134,1,1,0,0,0,0,0,0,0,0
312,23,7,0,0,0,0,0,0,0,0
419,8,7,0,0,0,0,0,0,0,0
928,8,7,0,0,0,0,0,0,0,0
419,21,6,0,0,0,0,0,0,0,0
312,23,1,0,0,0,0,0,0,0,0
60,23,7,0,0,0,0,0,0,0,0
60,21,1,0,0,0,0,0,0,0,0
174,4,3,0,0,0,0,0,0,0,0
113,23,0,0,0,0,0,0,0,0,0
312,30,0,0,0,0,0,0,0,0,0
312,4,0,0,0,0,0,0,0,0,0
60,30,0,0,0,0,0,0,0,0,0
60,23,0,0,0,0,0,0,0,0,0
321,8,0,0,0,0,0,0,0,0,0
327,23,0,0,0,0,0,0,0,0,0
312,0,0,0,0,0,0,0,0,0,0
60,0,0,0,0,0,0,0,0,0,0
272,22,0,0,0,0,0,0,0,0,0
468,4,0,0,0,0,0,0,0,0,0
134,22,0,0,0,0,0,0,0,0,0
272,4,0,0,0,0,0,0,0,0,0
928,2,0,0,0,0,0,0,0,0,0
113,5,0,0,0,0,0,0,0,0,0
351,30,0,0,0,0,0,0,0,0,0
272,23,0,0,0,0,0,0,0,0,0
387,22,0,0,0,0,0,0,0,0,0
312,4,0,0,0,0,0,0,0,0,0
248,30,0,0,0,0,0,0,0,0,0
312,23,0,0,0,0,0,0,0,0,0
174,1,0,0,0,0,0,0,0,0,0
174,8,0,0,0,0,0,0,0,0,0
419,1,0,0,0,0,0,0,0,0,0
272,23,0,0,0,0,0,0,0,0,0
60,8,0,0,0,0,0,0,0,0,0
387,0,0,0,0,0,0,0,0,0,0
468,22,0,0,0,0,0,0,0,0,0
60,23,0,0,0,0,0,0,0,0,0
60,1,0,0,0,0,0,0,0,0,0
272,23,0,0,0,0,0,0,0,0,0
351,4,0,0,0,0,0,0,0,0,0
272,23,0,0,0,0,0,0,0,0,0
327,23,0,0,0,0,0,0,0,0,0
60,0,0,0,0,0,0,0,0,0,0
387,0,0,0,0,0,0,0,0,0,0
419,1,0,0,0,0,0,0,0,0,0
174,23,0,0,0,0,0,0,0,0,0
468,0,0,0,0,0,0,0,0,0,0
134,30,0,0,0,0,0,0,0,0,0
387,22,0,0,0,0,0,0,0,0,0
113,1,0,0,0,0,0,0,0,0,0
134,23,0,0,0,0,0,0,0,0,0
248,23,0,0,0,0,0,0,0,0,0
327,7,0,0,0,0,0,0,0,0,0
351,23,0,0,0,0,0,0,0,0,0
60,23,0,0,0,0,0,0,0,0,0
60,8,0,0,0,0,0,0,0,0,0
327,23,0,0,0,0,0,0,0,0,0
351,0,0,0,0,0,0,0,0,0,0
248,23,0,0,0,0,0,0,0,0,0
248,23,0,0,0,0,0,0,0,0,0
272,1,0,0,0,0,0,0,0,0,0
60,4,0,0,0,0,0,0,0,0,0
60,5,0,0,0,0,0,0,0,0,0
60,1,0,0,0,0,0,0,0,0,0
60,30,0,0,0,0,0,0,0,0,0
928,23,0,0,0,0,0,0,0,0,0
327,4,0,0,0,0,0,0,0,0,0
327,4,0,0,0,0,0,0,0,0,0
248,4,0,0,0,0,0,0,0,0,0
134,0,0,0,0,0,0,0,0,0,0
351,1,0,0,0,0,0,0,0,0,0
248,1,0,0,0,0,0,0,0,0,0
248,1,0,0,0,0,0,0,0,0,0
134,8,0,0,0,0,0,0,0,0,0
387,8,0,0,0,0,0,0,0,0,0
60,23,0,0,0,0,0,0,0,0,0
248,23,0,0,0,0,0,0,0,0,0
60,8,0,0,0,0,0,0,0,0,0
60,5,0,0,0,0,0,0,0,0,0
60,23,0,0,0,0,0,0,0,0,0
321,8,0,0,0,0,0,0,0,0,0
387,4,0,0,0,0,0,0,0,0,0
60,30,0,0,0,0,0,0,0,0,0
272,8,0,0,0,0,0,0,0,0,0
248,23,0,0,0,0,0,0,0,0,0
248,8,0,0,0,0,0,0,0,0,0
327,22,0,0,0,0,0,0,0,0,0
60,8,0,0,0,0,0,0,0,0,0
351,0,0,0,0,0,0,0,0,0,0
134,23,0,0,0,0,0,0,0,0,0
134,30,0,0,0,0,0,0,0,0,0
468,4,0,0,0,0,0,0,0,0,0
60,23,0,0,0,0,0,0,0,0,0
60,0,0,0,0,0,0,0,0,0,0
113,1,0,0,0,0,0,0,0,0,0
327,7,0,0,0,0,0,0,0,0,0
928,0,0,0,0,0,0,0,0,0,0
272,23,0,0,0,0,0,0,0,0,0
272,30,0,0,0,0,0,0,0,0,0
468,0,0,0,0,0,0,0,0,0,0
60,30,0,0,0,0,0,0,0,0,0
327,23,0,0,0,0,0,0,0,0,0
60,0,0,0,0,0,0,0,0,0,0
351,30,0,0,0,0,0,0,0,0,0
928,5,0,0,0,0,0,0,0,0,0
928,0,0,0,0,0,0,0,0,0,0
60,5,0,0,0,0,0,0,0,0,0
60,1,0,0,0,0,0,0,0,0,0
60,0,0,0,0,0,0,0,0,0,0
351,8,0,0,0,0,0,0,0,0,0
312,8,0,0,0,0,0,0,0,0,0
272,30,0,0,0,0,0,0,0,0,0
468,8,0,0,0,0,0,0,0,0,0
352,1,0,0,0,0,0,0,0,0,0
272,8,0,0,0,0,0,0,0,0,0
928,4,0,0,0,0,0,0,0,0,0
248,30,0,0,0,0,0,0,0,0,0
468,4,0,0,0,0,0,0,0,0,0
272,30,0,0,0,0,0,0,0,0,0
352,0,0,0,0,0,0,0,0,0,0
134,23,0,0,0,0,0,0,0,0,0
468,23,0,0,0,0,0,0,0,0,0
351,0,0,0,0,0,0,0,0,0,0
419,23,0,0,0,0,0,0,0,0,0
248,8,0,0,0,0,0,0,0,0,0
60,2,0,0,0,0,0,0,0,0,0
60,1,0,0,0,0,0,0,0,0,0
351,1,0,0,0,0,0,0,0,0,0
387,0,0,0,0,0,0,0,0,0,0
312,30,0,0,0,0,0,0,0,0,0
248,1,0,0,0,0,0,0,0,0,0
60,23,0,0,0,0,0,0,0,0,0
928,23,0,0,0,0,0,0,0,0,0
134,8,0,0,0,0,0,0,0,0,0
327,0,0,0,0,0,0,0,0,0,0
60,5,0,0,0,0,0,0,0,0,0
248,22,0,0,0,0,0,0,0,0,0
60,22,0,0,0,0,0,0,0,0,0
312,0,0,0,0,0,0,0,0,0,0
312,30,0,0,0,0,0,0,0,0,0
351,0,0,0,0,0,0,0,0,0,0
134,23,0,0,0,0,0,0,0,0,0
327,30,0,0,0,0,0,0,0,0,0
60,1,0,0,0,0,0,0,0,0,0
272,5,0,0,0,0,0,0,0,0,0
272,1,0,0,0,0,0,0,0,0,0
468,2,0,0,0,0,0,0,0,0,0
312,1,0,0,0,0,0,0,0,0,0
321,8,0,0,0,0,0,0,0,0,0
272,22,0,0,0,0,0,0,0,0,0
134,23,0,0,0,0,0,0,0,0,0
312,5,0,0,0,0,0,0,0,0,0
272,22,0,0,0,0,0,0,0,0,0
248,23,0,0,0,0,0,0,0,0,0
60,8,0,0,0,0,0,0,0,0,0
60,0,0,0,0,0,0,0,0,0,0
272,0,0,0,0,0,0,0,0,0,0
312,0,0,0,0,0,0,0,0,0,0
468,0,0,0,0,0,0,0,0,0,0
60,30,0,0,0,0,0,0,0,0,0
60,0,0,0,0,0,0,0,0,0,0
352,4,0,0,0,0,0,0,0,0,0
327,5,0,0,0,0,0,0,0,0,0
272,0,0,0,0,0,0,0,0,0,0
419,0,0,0,0,0,0,0,0,0,0
327,1,0,0,0,0,0,0,0,0,0
60,8,0,0,0,0,0,0,0,0,0
468,8,0,0,0,0,0,0,0,0,0
248,23,0,0,0,0,0,0,0,0,0
60,30,0,0,0,0,0,0,0,0,0
60,23,0,0,0,0,0,0,0,0,0
248,23,0,0,0,0,0,0,0,0,0
113,23,0,0,0,0,0,0,0,0,0
468,23,0,0,0,0,0,0,0,0,0
312,1,0,0,0,0,0,0,0,0,0
174,8,0,0,0,0,0,0,0,0,0
60,4,0,0,0,0,0,0,0,0,0
387,1,0,0,0,0,0,0,0,0,0
248,22,0,0,0,0,0,0,0,0,0
351,0,0,0,0,0,0,0,0,0,0
327,1,0,0,0,0,0,0,0,0,0
60,0,0,0,0,0,0,0,0,0,0
321,0,0,0,0,0,0,0,0,0,0
272,8,0,0,0,0,0,0,0,0,0
60,8,0,0,0,0,0,0,0,0,0
60,30,0,0,0,0,0,0,0,0,0
928,30,0,0,0,0,0,0,0,0,0
272,22,0,0,0,0,0,0,0,0,0
468,8,0,0,0,0,0,0,0,0,0
60,2,0,0,0,0,0,0,0,0,0
60,23,0,0,0,0,0,0,0,0,0
468,22,0,0,0,0,0,0,0,0,0
248,0,0,0,0,0,0,0,0,0,0
272,1,0,0,0,0,0,0,0,0,0
174,23,0,0,0,0,0,0,0,0,0
387,23,0,0,0,0,0,0,0,0,0
351,23,0,0,0,0,0,0,0,0,0
419,8,0,0,0,0,0,0,0,0,0
113,23,0,0,0,0,0,0,0,0,0
928,30,0,0,0,0,0,0,0,0,0
387,22,0,0,0,0,0,0,0,0,0
60,4,0,0,0,0,0,0,0,0,0
419,4,0,0,0,0,0,0,0,0,0
60,4,0,0,0,0,0,0,0,0,0
174,1,0,0,0,0,0,0,0,0,0
327,23,0,0,0,0,0,0,0,0,0
419,8,0,0,0,0,0,0,0,0,0
419,0,0,0,0,0,0,0,0,0,0
113,1,0,0,0,0,0,0,0,0,0
248,4,0,0,0,0,0,0,0,0,0
312,2,0,0,0,0,0,0,0,0,0
60,4,0,0,0,0,0,0,0,0,0
248,0,0,0,0,0,0,0,0,0,0
327,1,0,0,0,0,0,0,0,0,0
60,23,0,0,0,0,0,0,0,0,0
327,23,0,0,0,0,0,0,0,0,0
113,22,0,0,0,0,0,0,0,0,0
60,23,0,0,0,0,0,0,0,0,0
351,22,0,0,0,0,0,0,0,0,0
134,23,0,0,0,0,0,0,0,0,0
327,1,0,0,0,0,0,0,0,0,0
468,30,0,0,0,0,0,0,0,0,0
419,8,0,0,0,0,0,0,0,0,0
60,2,0,0,0,0,0,0,0,0,0
327,23,0,0,0,0,0,0,0,0,0
327,8,0,0,0,0,0,0,0,0,0
134,1,0,0,0,0,0,0,0,0,0
60,0,0,0,0,0,0,0,0,0,0
312,30,0,0,0,0,0,0,0,0,0
134,0,0,0,0,0,0,0,0,0,0
327,23,0,0,0,0,0,0,0,0,0
134,0,0,0,0,0,0,0,0,0,0
419,1,0,0,0,0,0,0,0,0,0
272,1,0,0,0,0,0,0,0,0,0
419,0,0,0,0,0,0,0,0,0,0
351,1,0,0,0,0,0,0,0,0,0
387,22,0,0,0,0,0,0,0,0,0
928,4,0,0,0,0,0,0,0,0,0
113,8,0,0,0,0,0,0,0,0,0
928,1,0,0,0,0,0,0,0,0,0
312,23,0,0,0,0,0,0,0,0,0
60,0,0,0,0,0,0,0,0,0,0
248,23,0,0,0,0,0,0,0,0,0
60,30,0,0,0,0,0,0,0,0,0
928,0,0,0,0,0,0,0,0,0,0
312,23,0,0,0,0,0,0,0,0,0
312,0,0,0,0,0,0,0,0,0,0
468,23,0,0,0,0,0,0,0,0,0
248,23,0,0,0,0,0,0,0,0,0
321,0,0,0,0,0,0,0,0,0,0
248,1,0,0,0,0,0,0,0,0,0
60,8,0,0,0,0,0,0,0,0,0
928,0,0,0,0,0,0,0,0,0,0
248,8,0,0,0,0,0,0,0,0,0
113,23,0,0,0,0,0,0,0,0,0
651,22,0,0,0,0,0,0,0,0,0
60,8,0,0,0,0,0,0,0,0,0
272,23,0,0,0,0,0,0,0,0,0
60,8,0,0,0,0,0,0,0,0,0
60,23,0,0,0,0,0,0,0,0,0
174,4,0,0,0,0,0,0,0,0,0
134,5,0,0,0,0,0,0,0,0,0
60,23,0,0,0,0,0,0,0,0,0
248,23,0,0,0,0,0,0,0,0,0
60,8,0,0,0,0,0,0,0,0,0
248,7,0,0,0,0,0,0,0,0,0
248,4,0,0,0,0,0,0,0,0,0
60,30,0,0,0,0,0,0,0,0,0
351,30,0,0,0,0,0,0,0,0,0
248,1,0,0,0,0,0,0,0,0,0
60,23,0,0,0,0,0,0,0,0,0
60,0,0,0,0,0,0,0,0,0,0
60,23,0,0,0,0,0,0,0,0,0
113,30,0,0,0,0,0,0,0,0,0
351,23,0,0,0,0,0,0,0,0,0
248,23,0,0,0,0,0,0,0,0,0
419,23,0,0,0,0,0,0,0,0,0
351,8,0,0,0,0,0,0,0,0,0
468,5,0,0,0,0,0,0,0,0,0
327,22,0,0,0,0,0,0,0,0,0
928,23,0,0,0,0,0,0,0,0,0
351,0,0,0,0,0,0,0,0,0,0
134,2,0,0,0,0,0,0,0,0,0
113,4,0,0,0,0,0,0,0,0,0
321,8,0,0,0,0,0,0,0,0,0
327,23,0,0,0,0,0,0,0,0,0
321,30,0,0,0,0,0,0,0,0,0
60,1,0,0,0,0,0,0,0,0,0
248,23,0,0,0,0,0,0,0,0,0
60,0,0,0,0,0,0,0,0,0,0
248,1,0,0,0,0,0,0,0,0,0
419,22,0,0,0,0,0,0,0,0,0
651,23,0,0,0,0,0,0,0,0,0
312,1,0,0,0,0,0,0,0,0,0
419,8,0,0,0,0,0,0,0,0,0
327,22,0,0,0,0,0,0,0,0,0
248,22,0,0,0,0,0,0,0,0,0
387,23,0,0,0,0,0,0,0,0,0
248,5,0,0,0,0,0,0,0,0,0
60,8,0,0,0,0,0,0,0,0,0
60,23,0,0,0,0,0,0,0,0,0
113,23,0,0,0,0,0,0,0,0,0
60,4,0,0,0,0,0,0,0,0,0
272,1,0,0,0,0,0,0,0,0,0
248,0,0,0,0,0,0,0,0,0,0
928,23,0,0,0,0,0,0,0,0,0
352,30,0,0,0,0,0,0,0,0,0
60,8,0,0,0,0,0,0,0,0,0
327,1,0,0,0,0,0,0,0,0,0
928,0,0,0,0,0,0,0,0,0,0
327,23,0,0,0,0,0,0,0,0,0
312,0,0,0,0,0,0,0,0,0,0
60,5,0,0,0,0,0,0,0,0,0
351,23,0,0,0,0,0,0,0,0,0
928,8,0,0,0,0,0,0,0,0,0
468,23,0,0,0,0,0,0,0,0,0
312,0,0,0,0,0,0,0,0,0,0
174,23,0,0,0,0,0,0,0,0,0
272,8,0,0,0,0,0,0,0,0,0
351,0,0,0,0,0,0,0,0,0,0
248,7,0,0,0,0,0,0,0,0,0
248,8,0,0,0,0,0,0,0,0,0
134,0,0,0,0,0,0,0,0,0,0
174,1,0,0,0,0,0,0,0,0,0
248,1,0,0,0,0,0,0,0,0,0
60,4,0,0,0,0,0,0,0,0,0
327,30,0,0,0,0,0,0,0,0,0
327,23,0,0,0,0,0,0,0,0,0
248,8,0,0,0,0,0,0,0,0,0
272,16,0,0,0,0,0,0,0,0,0
419,4,0,0,0,0,0,0,0,0,0
327,21,0,0,0,0,0,0,0,0,0
60,0,0,0,0,0,0,0,0,0,0
928,4,0,0,0,0,0,0,0,0,0
468,1,0,0,0,0,0,0,0,0,0
928,8,0,0,0,0,0,0,0,0,0
419,1,0,0,0,0,0,0,0,0,0
419,0,0,0,0,0,0,0,0,0,0
134,23,0,0,0,0,0,0,0,0,0
312,4,0,0,0,0,0,0,0,0,0
327,23,0,0,0,0,0,0,0,0,0
928,1,0,0,0,0,0,0,0,0,0
928,2,0,0,0,0,0,0,0,0,0
60,30,0,0,0,0,0,0,0,0,0
468,23,0,0,0,0,0,0,0,0,0
351,8,0,0,0,0,0,0,0,0,0
60,8,0,0,0,0,0,0,0,0,0
60,4,0,0,0,0,0,0,0,0,0
272,0,0,0,0,0,0,0,0,0,0
321,1,0,0,0,0,0,0,0,0,0
321,30,0,0,0,0,0,0,0,0,0
60,23,0,0,0,0,0,0,0,0,0
387,30,0,0,0,0,0,0,0,0,0
351,23,0,0,0,0,0,0,0,0,0
327,23,0,0,0,0,0,0,0,0,0
60,1,0,0,0,0,0,0,0,0,0
272,4,0,0,0,0,0,0,0,0,0
248,8,0,0,0,0,0,0,0,0,0
60,23,0,0,0,0,0,0,0,0,0
312,1,0,0,0,0,0,0,0,0,0
134,23,0,0,0,0,0,0,0,0,0
113,1,0,0,0,0,0,0,0,0,0
60,0,0,0,0,0,0,0,0,0,0
468,0,0,0,0,0,0,0,0,0,0
387,0,0,0,0,0,0,0,0,0,0
60,7,0,0,0,0,0,0,0,0,0
312,4,0,0,0,0,0,0,0,0,0
312,7,0,0,0,0,0,0,0,0,0
387,0,0,0,0,0,0,0,0,0,0
60,4,0,0,0,0,0,0,0,0,0
468,1,0,0,0,0,0,0,0,0,0
312,22,0,0,0,0,0,0,0,0,0
387,0,0,0,0,0,0,0,0,0,0
248,23,0,0,0,0,0,0,0,0,0
60,2,0,0,0,0,0,0,0,0,0
60,0,0,0,0,0,0,0,0,0,0
928,4,0,0,0,0,0,0,0,0,0
468,23,0,0,0,0,0,0,0,0,0
327,22,0,0,0,0,0,0,0,0,0
60,23,0,0,0,0,0,0,0,0,0
321,30,0,0,0,0,0,0,0,0,0
272,30,0,0,0,0,0,0,0,0,0
174,1,0,0,0,0,0,0,0,0,0
928,8,0,0,0,0,0,0,0,0,0
113,1,0,0,0,0,0,0,0,0,0
351,8,0,0,0,0,0,0,0,0,0
248,23,0,0,0,0,0,0,0,0,0
419,4,0,0,0,0,0,0,0,0,0
60,22,0,0,0,0,0,0,0,0,0
419,4,0,0,0,0,0,0,0,0,0
351,1,0,0,0,0,0,0,0,0,0
468,4,0,0,0,0,0,0,0,0,0
351,1,0,0,0,0,0,0,0,0,0
60,22,0,0,0,0,0,0,0,0,0
327,23,0,0,0,0,0,0,0,0,0
248,23,0,0,0,0,0,0,0,0,0
419,30,0,0,0,0,0,0,0,0,0
248,4,0,0,0,0,0,0,0,0,0
468,1,0,0,0,0,0,0,0,0,0
419,21,0,0,0,0,0,0,0,0,0
248,8,0,0,0,0,0,0,0,0,0
272,22,0,0,0,0,0,0,0,0,0
651,22,0,0,0,0,0,0,0,0,0
312,0,0,0,0,0,0,0,0,0,0
113,23,0,0,0,0,0,0,0,0,0
312,8,0,0,0,0,0,0,0,0,0
60,1,0,0,0,0,0,0,0,0,0
468,8,0,0,0,0,0,0,0,0,0
60,0,0,0,0,0,0,0,0,0,0
387,23,0,0,0,0,0,0,0,0,0
60,7,0,0,0,0,0,0,0,0,0
60,21,0,0,0,0,0,0,0,0,0
419,7,0,0,0,0,0,0,0,0,0
387,4,0,0,0,0,0,0,0,0,0
419,0,0,0,0,0,0,0,0,0,0
327,23,0,0,0,0,0,0,0,0,0
327,4,0,0,0,0,0,0,0,0,0
60,1,0,0,0,0,0,0,0,0,0
60,1,0,0,0,0,0,0,0,0,0
60,21,0,0,0,0,0,0,0,0,0
419,4,0,0,0,0,0,0,0,0,0
272,0,0,0,0,0,0,0,0,0,0
113,23,0,0,0,0,0,0,0,0,0
351,8,0,0,0,0,0,0,0,0,0
928,0,0,0,0,0,0,0,0,0,0
272,1,0,0,0,0,0,0,0,0,0
352,16,0,0,0,0,0,0,0,0,0
248,23,0,0,0,0,0,0,0,0,0
60,4,0,0,0,0,0,0,0,0,0
468,23,0,0,0,0,0,0,0,0,0
248,0,0,0,0,0,0,0,0,0,0
134,30,0,0,0,0,0,0,0,0,0
60,30,0,0,0,0,0,0,0,0,0
387,4,0,0,0,0,0,0,0,0,0
60,0,0,0,0,0,0,0,0,0,0
928,30,0,0,0,0,0,0,0,0,0
272,30,0,0,0,0,0,0,0,0,0
468,23,0,0,0,0,0,0,0,0,0
387,21,0,0,0,0,0,0,0,0,0
113,4,0,0,0,0,0,0,0,0,0
387,23,0,0,0,0,0,0,0,0,0
272,21,0,0,0,0,0,0,0,0,0
174,4,0,0,0,0,0,0,0,0,0
60,1,0,0,0,0,0,0,0,0,0
327,1,0,0,0,0,0,0,0,0,0
928,8,0,0,0,0,0,0,0,0,0
327,4,0,0,0,0,0,0,0,0,0
60,23,0,0,0,0,0,0,0,0,0
351,22,0,0,0,0,0,0,0,0,0
134,7,0,0,0,0,0,0,0,0,0
272,7,0,0,0,0,0,0,0,0,0
928,23,0,0,0,0,0,0,0,0,0
60,8,0,0,0,0,0,0,0,0,0
312,0,0,0,0,0,0,0,0,0,0
134,23,0,0,0,0,0,0,0,0,0
60,30,0,0,0,0,0,0,0,0,0
60,0,0,0,0,0,0,0,0,0,0
312,23,0,0,0,0,0,0,0,0,0
387,23,0,0,0,0,0,0,0,0,0
134,0,0,0,0,0,0,0,0,0,0
928,4,0,0,0,0,0,0,0,0,0
351,1,0,0,0,0,0,0,0,0,0
60,22,0,0,0,0,0,0,0,0,0
312,2,0,0,0,0,0,0,0,0,0
248,8,0,0,0,0,0,0,0,0,0
387,1,0,0,0,0,0,0,0,0,0
272,4,0,0,0,0,0,0,0,0,0
60,1,0,0,0,0,0,0,0,0,0
60,0,0,0,0,0,0,0,0,0,0
928,30,0,0,0,0,0,0,0,0,0
60,8,0,0,0,0,0,0,0,0,0
60,1,0,0,0,0,0,0,0,0,0
351,23,0,0,0,0,0,0,0,0,0
60,2,0,0,0,0,0,0,0,0,0
60,4,0,0,0,0,0,0,0,0,0
248,23,0,0,0,0,0,0,0,0,0
248,4,0,0,0,0,0,0,0,0,0
468,23,0,0,0,0,0,0,0,0,0
327,8,0,0,0,0,0,0,0,0,0
248,8,0,0,0,0,0,0,0,0,0
764,5,0,0,0,0,0,0,0,0,0
722,4,0,0,0,0,0,0,0,0,0
722,1,0,0,0,0,0,0,0,0,0
513,23,0,0,0,0,0,0,0,0,0
562,30,0,0,0,0,0,0,0,0,0
764,1,0,0,0,0,0,0,0,0,0
858,21,0,0,0,0,0,0,0,0,0
420,30,0,0,0,0,0,0,0,0,0
636,8,0,0,0,0,0,0,0,0,0
858,30,0,0,0,0,0,0,0,0,0
722,22,0,0,0,0,0,0,0,0,0
420,23,0,0,0,0,0,0,0,0,0
514,1,0,0,0,0,0,0,0,0,0
764,23,0,0,0,0,0,0,0,0,0
722,2,0,0,0,0,0,0,0,0,0
874,8,0,0,0,0,0,0,0,0,0
874,23,0,0,0,0,0,0,0,0,0
420,23,0,0,0,0,0,0,0,0,0
514,4,0,0,0,0,0,0,0,0,0
764,23,0,0,0,0,0,0,0,0,0
636,30,0,0,0,0,0,0,0,0,0
722,30,0,0,0,0,0,0,0,0,0
712,4,0,0,0,0,0,0,0,0,0
722,30,0,0,0,0,0,0,0,0,0
514,22,0,0,0,0,0,0,0,0,0
420,2,0,0,0,0,0,0,0,0,0
420,30,0,0,0,0,0,0,0,0,0
514,8,0,0,0,0,0,0,0,0,0
858,23,0,0,0,0,0,0,0,0,0
858,8,0,0,0,0,0,0,0,0,0
514,4,0,0,0,0,0,0,0,0,0
858,7,0,0,0,0,0,0,0,0,0
636,23,0,0,0,0,0,0,0,0,0
874,23,0,0,0,0,0,0,0,0,0
513,0,0,0,0,0,0,0,0,0,0
839,7,0,0,0,0,0,0,0,0,0
562,22,0,0,0,0,0,0,0,0,0
420,23,0,0,0,0,0,0,0,0,0
636,1,0,0,0,0,0,0,0,0,0
858,23,0,0,0,0,0,0,0,0,0
722,0,0,0,0,0,0,0,0,0,0
874,7,0,0,0,0,0,0,0,0,0
634,23,0,0,0,0,0,0,0,0,0
420,0,0,0,0,0,0,0,0,0,0
919,0,0,0,0,0,0,0,0,0,0
636,0,0,0,0,0,0,0,0,0,0
874,8,0,0,0,0,0,0,0,0,0
858,23,0,0,0,0,0,0,0,0,0
919,23,0,0,0,0,0,0,0,0,0
858,8,0,0,0,0,0,0,0,0,0
420,22,0,0,0,0,0,0,0,0,0
874,0,0,0,0,0,0,0,0,0,0
858,1,0,0,0,0,0,0,0,0,0
858,23,0,0,0,0,0,0,0,0,0
514,23,0,0,0,0,0,0,0,0,0
514,23,0,0,0,0,0,0,0,0,0
839,7,0,0,0,0,0,0,0,0,0
764,0,0,0,0,0,0,0,0,0,0
562,0,0,0,0,0,0,0,0,0,0
874,22,0,0,0,0,0,0,0,0,0
420,23,0,0,0,0,0,0,0,0,0
420,0,0,0,0,0,0,0,0,0,0
420,8,0,0,0,0,0,0,0,0,0
420,22,0,0,0,0,0,0,0,0,0
420,30,0,0,0,0,0,0,0,0,0
919,23,0,0,0,0,0,0,0,0,0
874,23,0,0,0,0,0,0,0,0,0
858,30,0,0,0,0,0,0,0,0,0
858,30,0,0,0,0,0,0,0,0,0
420,30,0,0,0,0,0,0,0,0,0
420,0,0,0,0,0,0,0,0,0,0
514,23,0,0,0,0,0,0,0,0,0
839,22,0,0,0,0,0,0,0,0,0
514,4,0,0,0,0,0,0,0,0,0
858,1,0,0,0,0,0,0,0,0,0
634,0,0,0,0,0,0,0,0,0,0
514,0,0,0,0,0,0,0,0,0,0
858,22,0,0,0,0,0,0,0,0,0
722,0,0,0,0,0,0,0,0,0,0
223,21,0,0,0,0,0,0,0,0,0
764,23,0,0,0,0,0,0,0,0,0
513,23,0,0,0,0,0,0,0,0,0
995,1,0,0,0,0,0,0,0,0,0
764,22,0,0,0,0,0,0,0,0,0
722,2,0,0,0,0,0,0,0,0,0
874,8,0,0,0,0,0,0,0,0,0
764,8,0,0,0,0,0,0,0,0,0
874,30,0,0,0,0,0,0,0,0,0
636,30,0,0,0,0,0,0,0,0,0
722,23,0,0,0,0,0,0,0,0,0
722,4,0,0,0,0,0,0,0,0,0
634,4,0,0,0,0,0,0,0,0,0
919,30,0,0,0,0,0,0,0,0,0
722,8,0,0,0,0,0,0,0,0,0
919,22,0,0,0,0,0,0,0,0,0
636,1,0,0,0,0,0,0,0,0,0
839,2,0,0,0,0,0,0,0,0,0
223,23,0,0,0,0,0,0,0,0,0
722,23,0,0,0,0,0,0,0,0,0
858,1,0,0,0,0,0,0,0,0,0
858,23,0,0,0,0,0,0,0,0,0
513,2,0,0,0,0,0,0,0,0,0
858,30,0,0,0,0,0,0,0,0,0
223,23,0,0,0,0,0,0,0,0,0
722,5,0,0,0,0,0,0,0,0,0
764,22,0,0,0,0,0,0,0,0,0
420,8,0,0,0,0,0,0,0,0,0
420,8,0,0,0,0,0,0,0,0,0
764,30,0,0,0,0,0,0,0,0,0
919,22,0,0,0,0,0,0,0,0,0
722,23,0,0,0,0,0,0,0,0,0
722,30,0,0,0,0,0,0,0,0,0
636,4,0,0,0,0,0,0,0,0,0
722,0,0,0,0,0,0,0,0,0,0
722,30,0,0,0,0,0,0,0,0,0
874,8,0,0,0,0,0,0,0,0,0
420,1,0,0,0,0,0,0,0,0,0
764,8,0,0,0,0,0,0,0,0,0
858,22,0,0,0,0,0,0,0,0,0
514,4,0,0,0,0,0,0,0,0,0
722,4,0,0,0,0,0,0,0,0,0
858,23,0,0,0,0,0,0,0,0,0
858,4,0,0,0,0,0,0,0,0,0
722,0,0,0,0,0,0,0,0,0,0
420,1,0,0,0,0,0,0,0,0,0
722,30,0,0,0,0,0,0,0,0,0
636,1,0,0,0,0,0,0,0,0,0
764,23,0,0,0,0,0,0,0,0,0
839,0,0,0,0,0,0,0,0,0,0
858,0,0,0,0,0,0,0,0,0,0
420,4,0,0,0,0,0,0,0,0,0
722,2,0,0,0,0,0,0,0,0,0
995,30,0,0,0,0,0,0,0,0,0
858,4,0,0,0,0,0,0,0,0,0
764,23,0,0,0,0,0,0,0,0,0
514,23,0,0,0,0,0,0,0,0,0
636,30,0,0,0,0,0,0,0,0,0
764,23,0,0,0,0,0,0,0,0,0
858,7,0,0,0,0,0,0,0,0,0
839,23,0,0,0,0,0,0,0,0,0
514,23,0,0,0,0,0,0,0,0,0
722,22,0,0,0,0,0,0,0,0,0
636,30,0,0,0,0,0,0,0,0,0
514,23,0,0,0,0,0,0,0,0,0
562,1,0,0,0,0,0,0,0,0,0
764,23,0,0,0,0,0,0,0,0,0
722,23,0,0,0,0,0,0,0,0,0
722,1,0,0,0,0,0,0,0,0,0
514,5,0,0,0,0,0,0,0,0,0
858,1,0,0,0,0,0,0,0,0,0
722,23,0,0,0,0,0,0,0,0,0
514,23,0,0,0,0,0,0,0,0,0
995,22,0,0,0,0,0,0,0,0,0
858,30,0,0,0,0,0,0,0,0,0
858,1,0,0,0,0,0,0,0,0,0
420,4,0,0,0,0,0,0,0,0,0
562,0,0,0,0,0,0,0,0,0,0
858,22,0,0,0,0,0,0,0,0,0
858,23,0,0,0,0,0,0,0,0,0
636,22,0,0,0,0,0,0,0,0,0
839,2,0,0,0,0,0,0,0,0,0
562,23,0,0,0,0,0,0,0,0,0
420,0,0,0,0,0,0,0,0,0,0
420,22,0,0,0,0,0,0,0,0,0
858,2,0,0,0,0,0,0,0,0,0
858,23,0,0,0,0,0,0,0,0,0
636,23,0,0,0,0,0,0,0,0,0
995,8,0,0,0,0,0,0,0,0,0
764,0,0,0,0,0,0,0,0,0,0
858,23,0,0,0,0,0,0,0,0,0
722,8,0,0,0,0,0,0,0,0,0
839,4,0,0,0,0,0,0,0,0,0
858,22,0,0,0,0,0,0,0,0,0
636,1,0,0,0,0,0,0,0,0,0
764,8,0,0,0,0,0,0,0,0,0
839,0,0,0,0,0,0,0,0,0,0
722,23,0,0,0,0,0,0,0,0,0
874,23,0,0,0,0,0,0,0,0,0
858,23,0,0,0,0,0,0,0,0,0
858,0,0,0,0,0,0,0,0,0,0
514,2,0,0,0,0,0,0,0,0,0
764,30,0,0,0,0,0,0,0,0,0
722,1,0,0,0,0,0,0,0,0,0
995,0,0,0,0,0,0,0,0,0,0
634,30,0,0,0,0,0,0,0,0,0
636,23,0,0,0,0,0,0,0,0,0
858,23,0,0,0,0,0,0,0,0,0
636,23,0,0,0,0,0,0,0,0,0
995,30,0,0,0,0,0,0,0,0,0
858,30,0,0,0,0,0,0,0,0,0
722,21,0,0,0,0,0,0,0,0,0
636,23,0,0,0,0,0,0,0,0,0
634,4,0,0,0,0,0,0,0,0,0
562,30,0,0,0,0,0,0,0,0,0
858,23,0,0,0,0,0,0,0,0,0
636,22,0,0,0,0,0,0,0,0,0
764,23,0,0,0,0,0,0,0,0,0
722,0,0,0,0,0,0,0,0,0,0
839,8,0,0,0,0,0,0,0,0,0
514,4,0,0,0,0,0,0,0,0,0
858,23,0,0,0,0,0,0,0,0,0
562,23,0,0,0,0,0,0,0,0,0
858,1,0,0,0,0,0,0,0,0,0
420,4,0,0,0,0,0,0,0,0,0
858,8,0,0,0,0,0,0,0,0,0
858,1,0,0,0,0,0,0,0,0,0
874,23,0,0,0,0,0,0,0,0,0
636,1,0,0,0,0,0,0,0,0,0
634,0,0,0,0,0,0,0,0,0,0
764,21,0,0,0,0,0,0,0,0,0
858,1,0,0,0,0,0,0,0,0,0
722,16,0,0,0,0,0,0,0,0,0
420,23,0,0,0,0,0,0,0,0,0
722,4,0,0,0,0,0,0,0,0,0
722,1,0,0,0,0,0,0,0,0,0
839,8,0,0,0,0,0,0,0,0,0
858,1,0,0,0,0,0,0,0,0,0
420,23,0,0,0,0,0,0,0,0,0
636,1,0,0,0,0,0,0,0,0,0
223,23,0,0,0,0,0,0,0,0,0
223,1,0,0,0,0,0,0,0,0,0
874,1,0,0,0,0,0,0,0,0,0
764,21,0,0,0,0,0,0,0,0,0
919,7,0,0,0,0,0,0,0,0,0
858,23,0,0,0,0,0,0,0,0,0
636,0,0,0,0,0,0,0,0,0,0
636,1,0,0,0,0,0,0,0,0,0
513,30,0,0,0,0,0,0,0,0,0
562,2,0,0,0,0,0,0,0,0,0
995,8,0,0,0,0,0,0,0,0,0
858,0,0,0,0,0,0,0,0,0,0
858,8,0,0,0,0,0,0,0,0,0
636,23,0,0,0,0,0,0,0,0,0
722,23,0,0,0,0,0,0,0,0,0
420,0,0,0,0,0,0,0,0,0,0
223,23,0,0,0,0,0,0,0,0,0
514,2,0,0,0,0,0,0,0,0,0
839,4,0,0,0,0,0,0,0,0,0
839,23,0,0,0,0,0,0,0,0,0
722,1,0,0,0,0,0,0,0,0,0
636,21,0,0,0,0,0,0,0,0,0
839,5,0,0,0,0,0,0,0,0,0
722,23,0,0,0,0,0,0,0,0,0
858,0,0,0,0,0,0,0,0,0,0
223,5,0,0,0,0,0,0,0,0,0
722,22,0,0,0,0,0,0,0,0,0
858,23,0,0,0,0,0,0,0,0,0
712,0,0,0,0,0,0,0,0,0,0
858,23,0,0,0,0,0,0,0,0,0
420,0,0,0,0,0,0,0,0,0,0
764,8,0,0,0,0,0,0,0,0,0
995,8,0,0,0,0,0,0,0,0,0
722,23,0,0,0,0,0,0,0,0,0
420,23,0,0,0,0,0,0,0,0,0
839,5,0,0,0,0,0,0,0,0,0
722,8,0,0,0,0,0,0,0,0,0
514,23,0,0,0,0,0,0,0,0,0
514,30,0,0,0,0,0,0,0,0,0
722,23,0,0,0,0,0,0,0,0,0
995,21,0,0,0,0,0,0,0,0,0
420,23,0,0,0,0,0,0,0,0,0
562,23,0,0,0,0,0,0,0,0,0
839,22,0,0,0,0,0,0,0,0,0
858,8,0,0,0,0,0,0,0,0,0
764,7,0,0,0,0,0,0,0,0,0
874,1,0,0,0,0,0,0,0,0,0
712,23,0,0,0,0,0,0,0,0,0
764,21,0,0,0,0,0,0,0,0,0
420,7,0,0,0,0,0,0,0,0,0
874,23,0,0,0,0,0,0,0,0,0
722,30,0,0,0,0,0,0,0,0,0
995,23,0,0,0,0,0,0,0,0,0
636,1,0,0,0,0,0,0,0,0,0
858,23,0,0,0,0,0,0,0,0,0
634,23,0,0,0,0,0,0,0,0,0
223,30,0,0,0,0,0,0,0,0,0
634,0,0,0,0,0,0,0,0,0,0
764,8,0,0,0,0,0,0,0,0,0
839,23,0,0,0,0,0,0,0,0,0
420,23,0,0,0,0,0,0,0,0,0
562,5,0,0,0,0,0,0,0,0,0
858,30,0,0,0,0,0,0,0,0,0
420,30,0,0,0,0,0,0,0,0,0
858,23,0,0,0,0,0,0,0,0,0
858,1,0,0,0,0,0,0,0,0,0
722,0,0,0,0,0,0,0,0,0,0
722,0,0,0,0,0,0,0,0,0,0
858,0,0,0,0,0,0,0,0,0,0
562,0,0,0,0,0,0,0,0,0,0
858,4,0,0,0,0,0,0,0,0,0
858,23,0,0,0,0,0,0,0,0,0
420,7,0,0,0,0,0,0,0,0,0
636,1,0,0,0,0,0,0,0,0,0
420,23,0,0,0,0,0,0,0,0,0
562,1,0,0,0,0,0,0,0,0,0
874,23,0,0,0,0,0,0,0,0,0
858,23,0,0,0,0,0,0,0,0,0
858,2,0,0,0,0,0,0,0,0,0
636,30,0,0,0,0,0,0,0,0,0
420,0,0,0,0,0,0,0,0,0,0
858,23,0,0,0,0,0,0,0,0,0
514,23,0,0,0,0,0,0,0,0,0
712,7,0,0,0,0,0,0,0,0,0
722,8,0,0,0,0,0,0,0,0,0
722,0,0,0,0,0,0,0,0,0,0
634,8,0,0,0,0,0,0,0,0,0
858,8,0,0,0,0,0,0,0,0,0
634,30,0,0,0,0,0,0,0,0,0
995,23,0,0,0,0,0,0,0,0,0
514,0,0,0,0,0,0,0,0,0,0
858,23,0,0,0,0,0,0,0,0,0
223,0,0,0,0,0,0,0,0,0,0
858,0,0,0,0,0,0,0,0,0,0
858,4,0,0,0,0,0,0,0,0,0
223,4,0,0,0,0,0,0,0,0,0
722,23,0,0,0,0,0,0,0,0,0
764,1,0,0,0,0,0,0,0,0,0
858,0,0,0,0,0,0,0,0,0,0
722,0,0,0,0,0,0,0,0,0,0
634,23,0,0,0,0,0,0,0,0,0
722,23,0,0,0,0,0,0,0,0,0
858,23,0,0,0,0,0,0,0,0,0
764,23,0,0,0,0,0,0,0,0,0
223,8,0,0,0,0,0,0,0,0,0
764,23,0,0,0,0,0,0,0,0,0
874,23,0,0,0,0,0,0,0,0,0
223,0,0,0,0,0,0,0,0,0,0
858,22,0,0,0,0,0,0,0,0,0
420,1,0,0,0,0,0,0,0,0,0
858,23,0,0,0,0,0,0,0,0,0
420,8,0,0,0,0,0,0,0,0,0
764,5,0,0,0,0,0,0,0,0,0
839,30,0,0,0,0,0,0,0,0,0
858,1,0,0,0,0,0,0,0,0,0
839,8,0,0,0,0,0,0,0,0,0
858,8,0,0,0,0,0,0,0,0,0
420,22,0,0,0,0,0,0,0,0,0
722,8,0,0,0,0,0,0,0,0,0
764,23,0,0,0,0,0,0,0,0,0
839,8,0,0,0,0,0,0,0,0,0
514,23,0,0,0,0,0,0,0,0,0
636,1,0,0,0,0,0,0,0,0,0
514,30,0,0,0,0,0,0,0,0,0
858,5,0,0,0,0,0,0,0,0,0
420,1,0,0,0,0,0,0,0,0,0
874,4,0,0,0,0,0,0,0,0,0
636,23,0,0,0,0,0,0,0,0,0
764,1,0,0,0,0,0,0,0,0,0
858,2,0,0,0,0,0,0,0,0,0
722,4,0,0,0,0,0,0,0,0,0
562,7,0,0,0,0,0,0,0,0,0
858,4,0,0,0,0,0,0,0,0,0
514,23,0,0,0,0,0,0,0,0,0
420,23,0,0,0,0,0,0,0,0,0
858,23,0,0,0,0,0,0,0,0,0
420,23,0,0,0,0,0,0,0,0,0
514,23,0,0,0,0,0,0,0,0,0
514,8,0,0,0,0,0,0,0,0,0
874,4,0,0,0,0,0,0,0,0,0
514,4,0,0,0,0,0,0,0,0,0
223,2,0,0,0,0,0,0,0,0,0
858,1,0,0,0,0,0,0,0,0,0
636,23,0,0,0,0,0,0,0,0,0
764,8,0,0,0,0,0,0,0,0,0
722,23,0,0,0,0,0,0,0,0,0
420,30,0,0,0,0,0,0,0,0,0
514,23,0,0,0,0,0,0,0,0,0
858,7,0,0,0,0,0,0,0,0,0
420,0,0,0,0,0,0,0,0,0,0
722,1,0,0,0,0,0,0,0,0,0
874,23,0,0,0,0,0,0,0,0,0
858,7,0,0,0,0,0,0,0,0,0
514,8,0,0,0,0,0,0,0,0,0
858,5,0,0,0,0,0,0,0,0,0
722,0,0,0,0,0,0,0,0,0,0
995,4,0,0,0,0,0,0,0,0,0
636,8,0,0,0,0,0,0,0,0,0
722,23,0,0,0,0,0,0,0,0,0
634,23,0,0,0,0,0,0,0,0,0
858,23,0,0,0,0,0,0,0,0,0
514,23,0,0,0,0,0,0,0,0,0
722,8,0,0,0,0,0,0,0,0,0
858,7,0,0,0,0,0,0,0,0,0
858,4,0,0,0,0,0,0,0,0,0
636,7,0,0,0,0,0,0,0,0,0
858,22,0,0,0,0,0,0,0,0,0
636,22,0,0,0,0,0,0,0,0,0
874,23,0,0,0,0,0,0,0,0,0
858,22,0,0,0,0,0,0,0,0,0
764,23,0,0,0,0,0,0,0,0,0
995,30,0,0,0,0,0,0,0,0,0
839,23,0,0,0,0,0,0,0,0,0
995,1,0,0,0,0,0,0,0,0,0
764,1,0,0,0,0,0,0,0,0,0
919,4,0,0,0,0,0,0,0,0,0
722,0,0,0,0,0,0,0,0,0,0
420,23,0,0,0,0,0,0,0,0,0
858,23,0,0,0,0,0,0,0,0,0
562,8,0,0,0,0,0,0,0,0,0
722,23,0,0,0,0,0,0,0,0,0
874,23,0,0,0,0,0,0,0,0,0
858,4,0,0,0,0,0,0,0,0,0
919,7,0,0,0,0,0,0,0,0,0
858,1,0,0,0,0,0,0,0,0,0
764,0,0,0,0,0,0,0,0,0,0
858,22,0,0,0,0,0,0,0,0,0
858,0,0,0,0,0,0,0,0,0,0
420,2,0,0,0,0,0,0,0,0,0
858,5,0,0,0,0,0,0,0,0,0
919,8,0,0,0,0,0,0,0,0,0
858,16,0,0,0,0,0,0,0,0,0
858,0,0,0,0,0,0,0,0,0,0
562,0,0,0,0,0,0,0,0,0,0
995,8,0,0,0,0,0,0,0,0,0
712,2,0,0,0,0,0,0,0,0,0
874,23,0,0,0,0,0,0,0,0,0
420,21,0,0,0,0,0,0,0,0,0
420,4,0,0,0,0,0,0,0,0,0
223,4,0,0,0,0,0,0,0,0,0
562,0,0,0,0,0,0,0,0,0,0
858,23,0,0,0,0,0,0,0,0,0
420,4,0,0,0,0,0,0,0,0,0
858,16,0,0,0,0,0,0,0,0,0
858,23,0,0,0,0,0,0,0,0,0
858,0,0,0,0,0,0,0,0,0,0
858,30,0,0,0,0,0,0,0,0,0
874,1,0,0,0,0,0,0,0,0,0
858,1,0,0,0,0,0,0,0,0,0
858,0,0,0,0,0,0,0,0,0,0
722,0,0,0,0,0,0,0,0,0,0
420,0,0,0,0,0,0,0,0,0,0
636,22,0,0,0,0,0,0,0,0,0
722,30,0,0,0,0,0,0,0,0,0
636,8,0,0,0,0,0,0,0,0,0
420,2,0,0,0,0,0,0,0,0,0
634,2,0,0,0,0,0,0,0,0,0
764,22,0,0,0,0,0,0,0,0,0
722,23,0,0,0,0,0,0,0,0,0
995,23,0,0,0,0,0,0,0,0,0
858,23,0,0,0,0,0,0,0,0,0
722,8,0,0,0,0,0,0,0,0,0
874,0,0,0,0,0,0,0,0,0,0
858,1,0,0,0,0,0,0,0,0,0
722,23,0,0,0,0,0,0,0,0,0
858,23,0,0,0,0,0,0,0,0,0
839,0,0,0,0,0,0,0,0,0,0
858,22,0,0,0,0,0,0,0,0,0
514,30,0,0,0,0,0,0,0,0,0
995,30,0,0,0,0,0,0,0,0,0
874,1,0,0,0,0,0,0,0,0,0
764,8,0,0,0,0,0,0,0,0,0
722,4,0,0,0,0,0,0,0,0,0
420,4,0,0,0,0,0,0,0,0,0
995,0,0,0,0,0,0,0,0,0,0
562,30,0,0,0,0,0,0,0,0,0
722,4,0,0,0,0,0,0,0,0,0
514,30,0,0,0,0,0,0,0,0,0
858,7,0,0,0,0,0,0,0,0,0
722,5,0,0,0,0,0,0,0,0,0
764,0,0,0,0,0,0,0,0,0,0
995,23,0,0,0,0,0,0,0,0,0
636,7,0,0,0,0,0,0,0,0,0
636,30,0,0,0,0,0,0,0,0,0
858,23,0,0,0,0,0,0,0,0,0
712,4,0,0,0,0,0,0,0,0,0
636,2,0,0,0,0,0,0,0,0,0
722,2,0,0,0,0,0,0,0,0,0
858,4,0,0,0,0,0,0,0,0,0
722,23,0,0,0,0,0,0,0,0,0
858,23,0,0,0,0,0,0,0,0,0
858,0,0,0,0,0,0,0,0,0,0
223,8,0,0,0,0,0,0,0,0,0
839,23,0,0,0,0,0,0,0,0,0
712,23,0,0,0,0,0,0,0,0,0
858,8,0,0,0,0,0,0,0,0,0
636,23,0,0,0,0,0,0,0,0,0
722,1,0,0,0,0,0,0,0,0,0
858,30,0,0,0,0,0,0,0,0,0
858,8,0,0,0,0,0,0,0,0,0
636,23,0,0,0,0,0,0,0,0,0
722,4,0,0,0,0,0,0,0,0,0
420,0,0,0,0,0,0,0,0,0,0
634,0,0,0,0,0,0,0,0,0,0
858,23,0,0,0,0,0,0,0,0,0
513,30,0,0,0,0,0,0,0,0,0
514,22,0,0,0,0,0,0,0,0,0
874,22,0,0,0,0,0,0,0,0,0
722,5,0,0,0,0,0,0,0,0,0
858,7,0,0,0,0,0,0,0,0,0
636,4,0,0,0,0,0,0,0,0,0
874,30,0,0,0,0,0,0,0,0,0
764,7,0,0,0,0,0,0,0,0,0
858,2,0,0,0,0,0,0,0,0,0
420,5,0,0,0,0,0,0,0,0,0
839,4,0,0,0,0,0,0,0,0,0
420,30,0,0,0,0,0,0,0,0,0
874,2,0,0,0,0,0,0,0,0,0
